Setting,Samples,Accuracy
Zero-shot,0,0.5029257314328582
Few-shot (4),4,0.5839459864966241
Few-shot (8),8,0.49467366841710425
Few-shot (16),16,0.4937734433608402
Few-shot (32),32,0.8316579144786197
Few-shot (64),64,0.8678169542385596
Few-shot (128),128,0.8777194298574643
Full fine-tuning,26680,0.9948987246811702
